submission_id,response,row_number,framing,,Type-sub,Type-obj,Mono-sub,Mono-obj,Streng-sub,Streng-obj,neg,pred,Type-sub,Type-obj,Mono-sub,Mono-obj,Streng-sub,Streng-obj,neg,pred
11638,40% of pupils achieved 100% on their exam scores,12|12|3|3|3,high,,num,num,Non-mono,Non-mono,4,10,no,high,,,,,,,,
11638,"Nobody achieved a 100% score, the highest mark was 75%",9|9|9|9|9,low,,Non-num,num,down,Non-mono,0,10,no,high,,,,,,,,
11638,No pupils managed to achieve any score on their test results,0|0|0|0|0,low,,Non-num,Non-num,down,down,0,0,no,low,,,,,,,,
11638,"High success from pupils, 3 out of 5 achieving marks of 75% or above",12|12|9|0|0,high,,num,num,Non-mono,up,6,7.5,no,high,,,,,,,,
11638,Over half of pupils received a score or 75%,9|9|9|0|0,high,,Non-num,num,up,Non-mono,6,7.5,no,high,,,,,,,,
11638,Less than half of pupils achieved 75%,9|9|0|0|0,low,,Non-num,num,down,Non-mono,4,7.5,no,high,,,,,,,,
11638,"All pupils received a mark, some achieving up to 75%",9|9|3|3|3,high,,Non-num,Non-num,up,up,10,2,no,high,Non-num,num,up,down,2,7.5,down,high
11638,"All pupils received a score, 3 out of 5 achieving 75% or above",12|12|9|3|3,high,,Non-num,Non-num,up,up,10,2,no,high,num,num,Non-mono,up,6,7.5,up,high
11638,Over half of pupils recieved a 100% score,12|12|12|0|0,high,,Non-num,num,up,up,6,10,no,high,,,,,,,,
11638,Over half of the pupils recieved less than a 50% score,9|9|3|0|0,low,,Non-num,num,up,down,6,5,no,high,,,,,,,,
11638,Scores were all 25% or below,3|3|3|0|0,low,,Non-num,num,up,down,10,2.5,no,high,,,,,,,,
11641,"Two of our students performed well, with room for improvement which Green Valley school is all about!",3|3|0|0|0,high,,,,,,,,,,,,,,,,,
11641,none of the students from riverside managed to answer all the questions correctly,3|3|3|3|3,low,,Non-num,Non-num,down,up,0,10,no,right,,,,,,,,
11641,Two of the students failed to even get half the questions correct,9|9|9|3|3,low,,num,Non-num,Non-mono,down,2,4,no,low,,,,,,,,
11641,The majority of the students got over 9/12 questions correct,12|12|9|0|0,high,,Non-num,num,up,up,6,7.5,no,high,,,,,,,,
11641,3 out of the 5 students failed to even get one question correct,12|12|0|0|0,low,,num,num,Non-mono,down,6,0,no,low,,,,,,,,
11641,Majority of our students passed with full marks,12|12|12|0|0,high,,Non-num,no,up,up,6,10,no,high,,,,,,,,
11641,two of the studnets failed the test scoring zero marks and one student only got 3/12 answers correct,12|12|3|0|0,low,,num,num,Non-mono,down,4,0,no,high,num,num,Non-mono,Non-mono,2,2.5,no,high
11641,Barely any of the questions were answered correctly.,3|3|3|0|0,high,,Non-num,Non-num,up,up,6,2,no,high,,,,,,,,
11641,3 of the students wasnt able to hit full marks,12|12|9|3|3,low,,num,Non-num,Non-mono,up,6,10,yes,high,,,,,,,,
11641,All of the students tried there best and there is room to improve with the support of the teaching staff here at green valley,0|0|0|0|0,high,,,,,,,,,,,,,,,,,
11641,3 of our students got full marks with the rest narrowly missing out on full marks,12|12|12|9|9,high,,num,Non-num,Non-mono,up,6,10,no,high,num,Non-num,Non-mono,Non-mono,4,9,no,high
11625,two of the students performed exceptionally,9|9|0|0|0,high,,,,,,,,,,,,,,,,,
11625,"most of the students answered most of the questions correctly, with some getting full marks",12|12|9|9|9,high,,Non-num,up,Non-mono,up,6,6,no,high,Non-num,Non-num,up,up,2,10,no,high
11625,100% of students got less than 50% correct,3|3|3|3|3,low,,num,num,Non-mono,down,10,4,no,high,,,,,,,,
11625,most of the students got most of the questions right,12|12|9|0|0,low,,Non-num,Non-num,up,up,6,6,no,high,,,,,,,,
11625,most of the questions were answered incorrectly,3|3|3|0|0,low,,Non-num,no,up,,6,,no,low,,,,,,,,
11625,some of the questions were answered incorrectly,12|12|12|9|9,low,,Non-num,no,up,,2,,no,low,,,,,,,,
11625,"most of the questions were answered incorrectly, with none of the students getting full marks",9|9|3|0|0,low,,Non-num,no,up,,6,,no,low,Non-num,Non-num,down,up,0,10,no,high
11625,some of the students failed completely,12|12|12|0|0,low,,Non-num,no,up,,2,,no,low,,,,,,,,
11625,most of the students failed completely,12|12|0|0|0,low,,Non-num,no,up,,6,,no,low,,,,,,,,
11625,most of the questions were answered correctly with some students getting full marks,12|12|9|3|3,high,,Non-num,no,up,,6,,no,high,Non-num,Non-num,up,up,2,10,no,high
11625,there are two star students that got full marks,12|12|3|0|0,high,,num,Non-num,Non-mono,up,2,10,no,high,,,,,,,,
11629,two thirds of students got this correct.,9|9|3|0|0,high,,,,,,,,,,,,,,,,,
11629,just less than half answered this correctly.,9|9|0|0|0,high,,,,,,,,,,,,,,,,,
11629,around half of students struggled with this test.,12|12|9|3|3,low,,,,,,,,,,,,,,,,,
11629,"all students experienced difficulty, with only 3 getting some uestions correct.",9|9|9|0|0,low,,,,,,,,,,num,Non-num,Non-mono,up,3,2,no,high
11629,less than half of students found success in this test.,12|12|3|0|0,low,,,,,,,,,,,,,,,,,
11629,all students got 100% for the first part of the test.,12|12|3|3|3,high,,Non-num,num,up,Non-mono,10,5,no,high,,,,,,,,
11629,just short of 100% success rate for these students.,12|12|9|9|9,high,,num,no,down,,10,,no,high,,,,,,,,
11629,over half of students got 0%.,12|12|0|0|0,low,,Non-num,num,up,down,6,0,no,high,,,,,,,,
11629,all questions answered incorrectly apart from 2 students getting 3 answers correct each.,3|3|0|0|0,low,,Non-num,no,down,,10,0,no,low,num,num,Non-mono,Non-mono,4,3,no,high
11629,Only just over half of students scored some correct answers.,9|9|9|3|3,low,,Non-num,Non-num,Non-mono,up,6,2,no,high,,,,,,,,
11629,2 thirds of students had some success in the tests.,3|3|3|0|0,high,,num,Non-num,Non-mono,up,7,2,no,high,,,,,,,,
11644,As i see Lisa and Rebecca got full mark. Daniel has done  3 wrong answer. Whereas  Johann and Chris have answered only 3 question properly. So Lisa And Rebecca are good Students.,12|12|9|3|3,low,,,,,,,,,,,,,,,,,
11644,According The table Thomas And Alex are better than Others.,9|9|3|3|3,low,,,,,,,,,,,,,,,,,
11644,According the table Tim and Theresa Are The worst student.,3|3|3|0|0,high,,,,,,,,,,,,,,,,,
11644,"According to the answer table Julian, Julia and Tim  have done well.",12|12|12|0|0,high,,,,,,,,,,,,,,,,,
11644,It seems from the table that Amy and Susanne Are good.,12|12|0|0|0,high,,,,,,,,,,,,,,,,,
11644,Tim and Lesly is nothing for Good.,9|9|9|3|3,low,,,,,,,,,,,,,,,,,
11644,According to the answer table All students have done well.,12|12|12|12|12,high,,,,,,,,,,,,,,,,,
11644,Alex and Julian much better than others.,9|9|0|0|0,high,,,,,,,,,,,,,,,,,
11644,According to the Table jan Tim and Johann have done well.,12|12|12|3|3,high,,,,,,,,,,,,,,,,,
11644,According to the table Rebecca and Amy are good for nothing.,12|12|9|0|0,high,,,,,,,,,,,,,,,,,
11644,According to the table all have done very bad.,0|0|0|0|0,low,,,,,,,,,,,,,,,,,
11642,"Though the students struggled, with more revising, all student have a chance of achieving full marks.",0|0|0|0|0,high,,,,,,,,,,,,,,,,,
11642,The vast majority of students achieve the highest degree of success.,12|12|12|0|0,high,,Non-num,num,up,up,7,10,no,high,,,,,,,,
11642,"The majority of students showed an average understanding that, with further study, could increase the chances of success significantly.",3|3|3|0|0,high,,,,,,,,,,,,,,,,,
11642,All students show an average to high success pattern.,9|9|9|3|3,high,,,,,,,,,,,,,,,,,
11642,"From these results, the students show a distinct lack of aptitude, with only a few achieving low marks.",3|3|0|0|0,low,,,,,,,,,,,,,,,,,
11642,Many of the students failed to achieve any marks whatsoever.,9|9|0|0|0,low,,Non-num,Non-num,up,down,4,0,no,low,,,,,,,,
11642,"Though results were good enough for most, several students struggled, suggesting a lack of adequate revising.",12|12|12|9|9,low,,,,,,,,,,,,,,,,,
11642,"All students performed well, but whether these results can be maintained in further exams remains to be seen.",12|12|12|12|12,low,,,,,,,,,,,,,,,,,
11642,"A minority of students struggled, but the vast majority of participants achieved impressive marks.",12|12|9|0|0,high,,,,,,,,,,,,,,,,,
11642,"Results were passable for the majority, but all struggled with the questions, including two achieving zero marks.",9|9|9|0|0,low,,,,,,,,,,,,,,,,,
11642,Results ran the spectrum with most students achieving mediocre marks.,9|9|3|0|0,low,,,,,,,,,,,,,,,,,
11633,Most students got all the questions wrong,3|3|0|0|0,low,,Non-num,Non-num,up,up,6,10,no,low,,,,,,,,
11633,Some students didn't get all the questions right,12|12|12|9|9,low,,Non-num,Non-num,up,up,2,10,yes,high,,,,,,,,
11633,Some students got all the questions right,12|12|3|0|0,high,,Non-num,Non-num,up,up,2,10,no,high,,,,,,,,
11633,All of the students got most of the questions right,9|9|9|9|9,high,,Non-num,Non-num,up,up,10,6,no,high,,,,,,,,
11633,Most of the questions were answered incorrectly by all students,3|3|3|0|0,low,,Non-num,Non-num,up,up,6,10,no,low,,,,,,,,
11633,A number of students got most of the questions right,9|9|3|0|0,high,,Non-num,Non-num,up,up,2,6,no,high,,,,,,,,
11633,The students answered the questions correctly,12|12|12|12|12,low,,Non-num,Non-num,up,up,10,10,no,high,,,,,,,,
11633,Not all the questions were answered correctly by all students,9|9|9|0|0,low,,Non-num,Non-num,up,up,10,10,yes,high,,,,,,,,
11633,Most of the students didn't get all the questions right,12|12|9|0|0,low,,Non-num,Non-num,up,up,6,10,yes,high,,,,,,,,
11633,Most of the students only got three questions right,12|12|3|3|3,low,,Non-num,num,up,Non-mono,6,2.5,no,high,,,,,,,,
11633,Most of the students got full marks,12|12|12|3|3,high,,Non-num,Non-num,up,up,6,10,no,high,,,,,,,,
11643,All students achieved 74% or above,9|9|9|9|9,high,,Non-num,num,up,up,10,7.4,no,high,,,,,,,,
11643,ALL students achieved 100%,12|12|12|12|12,high,,Non-num,num,up,up,10,10,no,high,,,,,,,,
11643,All students studied the course content,0|0|0|0|0,high,,,,,,,,,,,,,,,,,
11643,40% achieved absolutely NO marks,12|12|12|0|0,low,,num,Non-num,Non-mono,down,4,0,no,high,,,,,,,,
11643,60% of pupils achieved NO marks,12|12|0|0|0,low,,num,Non-num,Non-mono,down,6,0,no,high,,,,,,,,
11643,ALL Only achieved below 26%,3|3|3|3|3,low,,Non-num,num,up,down,10,2.6,no,high,,,,,,,,
11643,Most pupils achieved 74% and above,9|9|9|0|0,high,,Non-num,num,up,up,6,7.4,no,high,,,,,,,,
11643,40% of students achieved higher grades than the average,3|3|0|0|0,high,,,,,,,,,,,,,,,,,
11643,"40% of students achieving 100%, with 20% achieving over 74%",12|12|9|0|0,high,,num,num,Non-mono,up,4,10,no,high,num,num,Non-mono,up,2,7.4,no,high
11643,40% of students only achieving 25%,12|12|12|3|3,low,,num,num,Non-mono,down,4,2.5,no,high,,,,,,,,
11643,"40% of students achieving excellent full marks, 100%\nWith 60% achieving 24% and above",12|12|3|3|3,high,,,,,,,,,,,,,,,,,
11621,no students answered all of the questions correctly,9|9|9|3|3,low,,Non-num,Non-num,down,up,0,10,no,high,,,,,,,,
11621,students achieved well in the earlier questions,3|3|0|0|0,high,,Non-num,Non-num,up,up,2.5,5,no,high,,,,,,,,
11621,all students answered the majority of questions correctly,12|12|9|9|9,high,,Non-num,Non-num,up,up,10,6,no,high,,,,,,,,
11621,the majority of students answered all of the questions correctly,12|12|12|0|0,high,,Non-num,Non-num,up,up,6,10,no,high,,,,,,,,
11621,not all students answered all of the questions correctly,12|12|12|9|9,low,,Non-num,Non-num,up,up,10,10,yes,high,,,,,,,,
11621,all students answered all of the questions correctly,12|12|12|12|12,high,,Non-num,Non-num,up,up,10,10,no,high,,,,,,,,
11621,some students could not answer the majority of questions correctly,12|12|12|3|3,low,,Non-num,Non-num,up,up,2,6,yes,high,,,,,,,,
11621,some students answered the majority of questions correctly,9|9|0|0|0,high,,Non-num,Non-num,up,up,2,6,no,high,,,,,,,,
11621,no students answered the majority of questions correctly,3|3|3|3|3,low,,Non-num,Non-num,down,up,0,6,no,high,,,,,,,,
11621,all students failed,0|0|0|0|0,low,,,,,,,,,,,,,,,,,
11621,some students answered no questions correctly,12|12|9|0|0,low,,Non-num,Non-num,up,down,2,0,no,high,,,,,,,,
11637,Most students in Green Valley got a perfect or near perfect score on their math test.,12|12|9|3|3,high,,Non-num,Non-num,up,down,6,10,no,high,,,,,,,,
11637,Almost all the students in green valley got a perfect or near perfect school.,12|12|9|0|0,high,,Non-num,Non-num,Non-mono,,9,10,no,high,,,,,,,,
11637,Over a quarter of Riverside students did not answer a single question right on their test.,12|12|12|0|0,low,,Non-num,Non-num,up,Non-mono,3,0,yes,high,,,,,,,,
11637,No one in green valley got a perfect score and a quarter didn't answer any questions correctly on their math test.,9|9|9|0|0,high,,Non-num,Non-num,down,up,0,10,no,high,Non-num,Non-num,Non-mono,down,2.5,0,yes,high
11637,100% of the students in Green valley scored very well on their math test.,12|12|9|9|9,high,,,,,,,,,,,,,,,,,
11637,Over a quarter of Green Valley students scored a perfect score on their math test.,12|12|3|0|0,high,,Non-num,Non-num,up,up,3,10,no,high,,,,,,,,
11637,More than half of green valley students scored a perfect score on their test.,12|12|12|3|3,high,,Non-num,Non-num,up,up,6,10,no,high,,,,,,,,
11637,Everyone in riverside got the same score on their math test.,12|12|12|12|12,low,,,,,,,,,,,,,,,,,
11637,100% of green passed their math test with more than half getting a perfect score.,12|12|12|9|9,high,,num,Non-num,up,up,10,6,no,high,Non-num,Non-num,up,up,6,10,no,high
11637,Only a little more than a quarter of riverside students passed their math test.,9|9|3|0|0,low,,Non-num,Non-num,down,up,3,6,no,high,,,,,,,,
11637,Riverside students did terrible on their math test. Not a single question was answered correctly.,0|0|0|0|0,low,,Non-num,no,down,,0,,yes,high,,,,,,,,
11624,All students got correct answers,9|9|3|3|3,high,,Non-num,Non-num,up,up,10,2,no,high,,,,,,,,
11624,Over half of the students got no correct answers,12|12|0|0|0,low,,Non-num,Non-num,up,down,6,0,no,high,,,,,,,,
11624,Over half of the students got all wrong answers,9|9|0|0|0,low,,Non-num,Non-num,up,up,6,10,no,low,,,,,,,,
11624,Students had more incorrect answers than correct,9|9|3|0|0,low,,Non-num,Non-num,up,up,2,6,no,low,,,,,,,,
11624,All students had more than 75% correct,9|9|9|9|9,high,,Non-num,num,up,up,10,7.5,no,high,,,,,,,,
11624,Some students got much less than 50% correct,12|12|9|3|3,low,,Non-num,num,up,down,2,4,no,high,,,,,,,,
11624,A majority of students got most answer wrong,12|12|3|3|3,low,,Non-num,Non-num,up,up,6,6,no,low,,,,,,,,
11624,Over half of students got 100% correct,12|12|12|0|0,high,,Non-num,num,up,up,6,10,no,high,,,,,,,,
11624,All students got some correct answers,3|3|3|3|3,high,,Non-num,Non-num,up,up,10,2,no,high,,,,,,,,
11624,Over 75% of questions asked were answered incorrectly,3|3|0|0|0,low,,num,no,up,,7.5,,no,low,,,,,,,,
11624,Over 75% of questions asked were answered correctly,12|12|12|9|9,high,,num,no,up,,7.5,,no,high,,,,,,,,
11634,Some of the students got every question correct,12|12|0|0|0,high,,Non-num,Non-num,up,up,2,10,no,high,,,,,,,,
11634,Most of the students passed the exam.,12|12|9|0|0,high,,Non-num,Non-num,up,up,6,6,no,high,,,,,,,,
11634,Most of the students got only a 3rd of the questions correct.,12|12|3|3|3,low,,Non-num,Non-num,up,Non-mono,6,4,no,high,,,,,,,,
11634,Most of the students got every question correct.,12|12|12|3|3,high,,Non-num,Non-num,up,up,6,10,no,high,,,,,,,,
11634,"All of our students got over 3 quarters of the questions correct, some even got every question correct.",12|12|9|9|9,high,,Non-num,Non-num,up,up,10,7,no,high,Non-num,Non-num,up,up,2,10,no,high
11634,Some students couldn't get all the questions correct.,12|12|12|9|9,low,,Non-num,Non-num,up,up,2,10,yes,high,,,,,,,,
11634,Some students didn't get any of the questions correct.,9|9|9|0|0,low,,Non-num,Non-num,up,down,2,0,yes,high,,,,,,,,
11634,All of the students tried their hardest.,0|0|0|0|0,high,,,,,,,,,,,,,,,,,
11634,Most of the questions answered were incorrect.,12|12|3|0|0,low,,Non-num,no,up,,6,,no,low,,,,,,,,
11634,Barely any of the questions were answered correctly.,3|3|3|0|0,low,,Non-num,no,up,,1,,no,high,,,,,,,,
11634,Most of the students answered all questions correctly.,12|12|12|0|0,high,,Non-num,Non-num,up,up,6,10,no,high,,,,,,,,
11626,"Despite the exacting exam standards, almost half the students achieved a maximum score",12|12|9|0|0,high,,Non-num,Non-num,down,up,4,10,no,high,,,,,,,,
11626,"Almost half the students achieved a maximum score, with the rest answering the questions correctly at a mimumum rate of 75%",12|12|9|9|9,high,,Non-num,Non-num,down,up,4,10,no,high,Non-num,num,up,up,6,7.5,no,high
11626,"All the students' responses scored well-below 50%, with none achieving a passable rate",3|3|3|3|3,low,,Non-num,num,up,down,10,4,no,high,,,,,,,,
11626,"All the students failed completely, unable to answer a single question correctly",0|0|0|0|0,low,,Non-num,no,up,,10,0,no,low,no,Non-num,,down,,0,no,low
11626,"Almost half the students failed to answer a single question correctly, and another achieved a score well-below 50%",9|9|3|0|0,low,,Non-num,Non-num,down,Non-mono,4,1,no,low,num,Non-num,Non-mono,down,1,4,no,high
11626,Almost 3/4 of the students achieved a maximum score,12|12|12|3|3,high,,Non-num,Non-num,down,up,7,10,no,high,,,,,,,,
11626,"Despite the challenging and exacting standards of the exam, over 25% of the students achieved a passable exam score",9|9|0|0|0,high,,num,Non-num,up,up,2.5,6,no,high,,,,,,,,
11626,"Almost 3/4 of the students achieved a 75%, despite the difficult questions asked",9|9|9|3|3,high,,Non-num,num,down,Non-mono,7,7.5,no,high,,,,,,,,
11626,Almost half of the students failed to achieve a passable score,12|12|9|3|3,low,,Non-num,Non-num,down,up,4,6,no,low,,,,,,,,
11626,"All students failed to achieve a passable score, and almost half failed to answer a single question correctly",3|3|3|0|0,low,,Non-num,Non-num,up,up,10,6,no,low,Non-num,Non-num,down,Non-mono,4,0,no,low
11626,"Though some students achieved impressive results, almost half the students showed difficulties completing the exam to a maximum standard",12|12|12|9|9,low,,Non-num,Non-num,down,up,4,,no,low,,,,,,,,
11628,None of the students passed their tests.,0|0|0|0|0,low,,Non-num,Non-num,down,up,0,6,no,low,,,,,,,,
11628,Most students only had a 25% success rate.,9|9|3|3|3,low,,Non-num,no,up,,6,2.5,no,low,,,,,,,,
11628,2/5 of the students didn't pass any of their tests.,12|12|3|0|0,low,,num,Non-num,Non-mono,down,4,0,yes,high,,,,,,,,
11628,None of the students had more than a 25% success rate at their tests.,3|3|3|0|0,low,,Non-num,num,down,down,0,2.5,no,high,,,,,,,,
11628,The success rate is more than 75%  at this school.,12|12|9|9|9,high,,,,,,,,,,,,,,,,,
11628,Most of the students got a 100% success rate.,12|12|12|9|9,low,,Non-num,num,up,up,6,7.5,no,high,,,,,,,,
11628,2/5 of the students have a 75% success rate.,9|9|0|0|0,high,,Non-num,num,Non-mono,Non-mono,4,7.5,no,high,,,,,,,,
11628,2/5 of the students have a 100% success rate.,12|12|0|0|0,high,,Non-num,num,Non-mono,Non-mono,4,10,no,high,,,,,,,,
11628,3/5 of the students have a 25% or lower success rate.,9|9|3|0|0,low,,Non-num,num,Non-mono,down,6,2.5,no,high,,,,,,,,
11628,Most of the students have at least a 75% success rate.,9|9|9|3|3,high,,Non-num,num,up,up,6,7.5,no,high,,,,,,,,
11628,The majority of students have a more than average success rate.,9|9|9|0|0,high,,,,,,,,,,,,,,,,,
11632,No students got all the answers correct,9|9|9|3|3,low,,Non-num,Non-num,down,up,0,10,no,high,,,,,,,,
11632,2 students got every answer wrong,3|3|3|0|0,low,,num,Non-num,Non-mono,up,4,10,no,low,,,,,,,,
11632,Some students got most answers correct,9|9|9|0|0,high,,Non-num,Non-num,up,up,2,6,no,high,,,,,,,,
11632,Some pupils got most answers wrong,12|12|12|3|3,low,,Non-num,Non-num,up,up,2,6,no,low,,,,,,,,
11632,2 students got every answer incorrect,12|12|9|0|0,low,,num,Non-num,Non-mono,up,2,10,no,low,,,,,,,,
11632,Only 2 students got any answers correct,3|3|0|0|0,low,,num,Non-num,down,up,2,1,no,high,,,,,,,,
11632,Some students got the majority of their answers wrong,12|12|9|3|3,low,,Non-num,Non-num,up,up,2,6,no,high,,,,,,,,
11632,Some students made some mistakes,12|12|12|9|9,low,,Non-num,Non-num,up,up,2,2,no,low,,,,,,,,
11632,Every student got answers correct,3|3|3|3|3,high,,Non-num,Non-num,up,up,10,2,no,high,,,,,,,,
11632,No student got a single answer correct,0|0|0|0|0,low,,Non-num,Non-num,down,Non-mono,0,0,no,high,,,,,,,,
11632,Some students got all the answers correct,12|12|0|0|0,high,,Non-num,Non-num,up,up,2,10,no,high,,,,,,,,
11635,"All students are getting at least a quarter of questions incorrect, with 2/5 of students not getting any correct answers",9|9|3|0|0,low,,Non-num,Non-num,up,up,10,3,no,low,num,Non-num,Non-mono,down,4,0,yes,high
11635,only a few students are struggling to complete 3 of the questions,3|3|0|0|0,high,,Non-num,num,down,Non-mono,3,3,no,low,,,,,,,,
11635,the majority of students are passing the exams,9|9|3|3|3,high,,Non-num,Non-num,up,up,6,6,no,high,,,,,,,,
11635,a large majority of students are failing the exam,3|3|3|0|0,low,,Non-num,no,up,down,7,5,no,low,,,,,,,,
11635,a large majority of students are passing the exam,12|12|12|0|0,high,,Non-num,no,up,,7,6,no,high,,,,,,,,
11635,none of the students were able to answer a quarter of the questions,9|9|9|0|0,low,,Non-num,Non-num,down,up,0,2.5,no,high,,,,,,,,
11635,a majority of students are able to answer a quarter of the questions correctly,12|12|3|0|0,high,,Non-num,Non-num,up,up,6,2.5,no,high,,,,,,,,
11635,all students were unable to correctly answer 3/4 of questions correctly,3|3|3|3|3,low,,Non-num,Non-num,up,up,10,7.5,no,low,,,,,,,,
11635,all students correctly answered 3/4 of questions,12|12|9|9|9,high,,Non-num,Non-num,up,up,10,7.5,no,high,,,,,,,,
11635,a majority of students were unable to correctly answer 1/4 of questions,12|12|9|3|3,low,,Non-num,Non-num,up,up,6,2.5,no,low,,,,,,,,
11635,a majority of students were able to answer 3/4 correctly,12|12|9|0|0,high,,Non-num,Non-num,up,up,6,7.5,no,high,,,,,,,,
11636,Riverside test scores show that it is difficult to achieve a 100% pass rate at this school. It is likely that 0% would be the average score presented.,12|12|0|0|0,low,,,,,,,,,,,,,,,,,
11636,Riverside students have found it challenging to achieve over 80% pass rates and 2 out of 5 children will be likely to fail and not achieve even over 50% pass rate,9|9|9|3|3,low,,Non-num,num,up,down,10,8,no,low,num,num,Non-mono,down,4,3,no,high
11636,The results of the tests at Green Valley are challenging and student aptitude and lots of revision and hard work could achieve an optimum score and pass rate,0|0|0|0|0,high,,,,,,,,,,,,,,,,,
11636,At Green Valley it is quite possible to to achieve success on some of the questions presented in the tests but perhaps not all of them for all pupils.,3|3|0|0|0,high,,,,,,,,,,,,,,,,,
11636,There is a chance that Riverside students will have 0% pass rate with the questions. It may be difficult to achieve over 50% mark.,3|3|3|0|0,low,,Non-num,num,up,up,2,6,no,high,,,,,,,,
11636,It is possible for some students to achieve well over the 60% pass rate and it is very achievable for all students to gain correct answers throughout the testing.,9|9|3|3|3,high,,num,num,Non-mono,down,4,0,no,high,,,,,,,,
11636,It is quite probable that at least 2 out of 5 students will get 0% pass rate at Riverside on the testing,12|12|3|0|0,low,,num,num,up,down,6,6,no,high,,,,,,,,
11636,It is likely at Green Valley that 3 out of 5 students will receive well over 60% and have a high chance of achieving this score,9|9|9|0|0,high,,num,num,Non-mono,up,6,,no,high,,,,,,,,
11636,3 out of 5 students will answer questions on the testing correctly and 2 out of 5 will achieve over 60% pass rate,9|9|3|0|0,high,,num,Non-num,Non-mono,up,6,2,no,high,num,num,Non-mono,up,4,6,no,high
11636,It is showing that 2 out of 5 students at Riverside will not achieve at least over 50% on the tests. Some students will not answer all questions correctly,12|12|9|3|3,low,,num,num,Non-mono,up,4,5,yes,high,Non-num,Non-num,up,up,2,10,no,high
11636,Green Valley will be able to achieve 100% pass rate on testing and this can be 2 out of 5 students and at least 3 out of 5 students will gain a 60% pass rate,12|12|9|0|0,high,,num,num,Non-mono,Non-mono,4,10,no,high,num,num,up,Non-mono,6,6,no,high
11639,"At Riverside, 60% of students scored 25% or lower. 40% scored 0%. The highest score being only 75%.",9|9|3|0|0,low,,num,num,Non-mono,down,6,2.5,no,high,num,num,Non-mono,down,4,0,no,high
11639,"At Riverside, 60% of students scored 0.",12|12|0|0|0,low,,num,num,Non-mono,down,6,0,no,high,,,,,,,,
11639,"At Green Valley, 40% of students scored 100%!",12|12|3|0|0,high,,num,num,Non-mono,up,4,10,no,high,,,,,,,,
11639,"At Green Valley, 40% of the students scored very high.",9|9|0|0|0,high,,,,,,,,,,,,,,,,,
11639,"At Green Valley, all students scored 75% or higher!",12|12|9|9|9,high,,Non-num,num,up,up,10,7.5,no,high,,,,,,,,
11639,"At Riverside, all students passed this exam, with the same score.",12|12|12|12|12,low,,Non-num,Non-num,up,up,10,6,no,high,,,,,,,,
11639,"At Riverside, not all students scored perfectly",12|12|12|9|9,low,,Non-num,Non-num,up,up,10,10,yes,high,,,,,,,,
11639,"At Riverside, all students scored extremely low, the highest score being only 25%.",3|3|0|0|0,low,,,,,,,,,,,,,,,,,
11639,"At Green Valley, almost half of student scored extremely high.",9|9|3|3|3,high,,,,,,,,,,,,,,,,,
11639,"At Green Valley, more than half of students scored extremely high with the majority of those scores being 100%!",12|12|9|0|0,high,,,,,,,,,,,,,,,,,
11639,At Green Valley almost half of students scored 100%,12|12|3|3|3,high,,Non-num,num,down,Non-mono,4,10,no,high,,,,,,,,
11640,students who passed the exam got at least 75% of the questions correct,9|9|0|0|0,high,,,,,,,,,,,,,,,,,
11640,nearly all students got nearly all questions right,9|9|9|3|3,high,,Non-num,Non-num,Non-mono,Non-mono,9,9,no,high,,,,,,,,
11640,the majority of students got 100% of questions correct,12|12|12|3|3,high,,Non-num,num,up,up,6,10,no,high,,,,,,,,
11640,nearly half of students did not get any questions right,12|12|9|0|0,low,,Non-num,Non-num,down,down,4,0,yes,high,,,,,,,,
11640,the majority of students got all questions right,12|12|12|0|0,high,,Non-num,Non-num,up,up,6,10,no,high,,,,,,,,
11640,the exam was unusually challenging for all students,0|0|0|0|0,high,,,,,,,,,,,,,,,,,
11640,"there were no students who did not get any questions right, and nearly half got at least 75% right",9|9|3|3|3,high,,Non-num,Non-num,down,down,0,0,yes,high,Non-num,num,down,up,4,7.5,no,high
11640,all students got at least 75% of questions right,9|9|9|9|9,high,,Non-num,num,up,up,10,7.5,no,high,,,,,,,,
11640,the exam was much easier than previous years and there were unusually high success rates,12|12|12|12|12,low,,,,,,,,,,,,,,,,,
11640,the majority of students got at least 75% of questions right,9|9|9|0|0,high,,Non-num,num,up,up,6,7.5,no,high,,,,,,,,
11640,the majority of students got at least a quarter of the questions wrong,12|12|9|9|9,low,,Non-num,Non-num,up,down,6,3,no,high,,,,,,,,
11645,Some of the students got all the answers correct on the exam.,12|12|3|3|3,high,,Non-num,Non-num,up,up,2,10,no,high,,,,,,,,
11645,At least 40% of the students received a zero score on the exam.,9|9|9|0|0,low,,num,Non-num,up,down,4,0,no,low,,,,,,,,
11645,Only a few students got a full score on the exam.,12|12|9|9|9,low,,Non-num,Non-num,up,up,3,10,no,high,,,,,,,,
11645,Most of the students answered most of the questions correctly on the exam.,12|12|9|0|0,high,,Non-num,Non-num,up,up,6,6,no,high,,,,,,,,
11645,Most of the students got at least some of the questions correct on the exam.,3|3|3|0|0,high,,Non-num,Non-num,up,up,6,2,no,high,,,,,,,,
11645,Most of the students answered most of the questions correctly on the exam.,12|12|9|3|3,high,,Non-num,Non-num,up,up,6,6,no,high,,,,,,,,
11645,Some of the students answered most of the questions correctly on the exam.,9|9|0|0|0,high,,Non-num,Non-num,up,up,2,6,no,high,,,,,,,,
11645,Some of the students answered some of the questions  correctly on the exam.,3|3|0|0|0,high,,Non-num,Non-num,up,up,2,2,no,high,,,,,,,,
11645,Some of the students got all the answers wrong on the exam.,12|12|3|0|0,low,,Non-num,Non-num,up,up,2,10,no,low,,,,,,,,
11645,The students all received similar scores which seems improbable.,12|12|12|12|12,low,,,,,,,,,,,,,,,,,
11645,All of the students answered most of the questions correctly on the exam.,9|9|9|9|9,high,,Non-num,Non-num,up,up,10,6,no,high,,,,,,,,
11662,About half the students have a high success rate,12|12|3|3|3,high,,,,,,,,,,,,,,,,,
11662,Riverside is about even on scores,12|12|9|0|0,low,,,,,,,,,,,,,,,,,
11662,Riverside has a horrible success rate,0|0|0|0|0,low,,,,,,,,,,,,,,,,,
11662,Riverside continues to come in with low grades,12|12|3|0|0,low,,,,,,,,,,,,,,,,,
11662,Riverside has improvement in success,9|9|9|3|3,low,,,,,,,,,,,,,,,,,
11662,Riverside continues to struggle,9|9|3|3|3,low,,,,,,,,,,,,,,,,,
11662,Riverside continues to struggle,9|9|0|0|0,low,,,,,,,,,,,,,,,,,
11662,Green valley is upping the game,12|12|12|12|12,high,,,,,,,,,,,,,,,,,
11662,Green valley is continually poor stats,3|3|3|0|0,high,,,,,,,,,,,,,,,,,
11662,green valley is trying to improve,3|3|0|0|0,high,,,,,,,,,,,,,,,,,
11662,riverside has low success rate,3|3|3|3|3,low,,,,,,,,,,,,,,,,,
11620,Some of the group failed while others did great.,12|12|0|0|0,high,,,,,,,,,,,,,,,,,
11620,The majority of the tests were good.,12|12|3|3|3,high,,,,,,,,,,,,,,,,,
11620,The group got the first three questions all right.,9|9|3|3|3,high,,,,,,,,,,,,,,,,,
11620,The group all answered the last question wrong.,9|9|9|3|3,low,,,,,,,,,,,,,,,,,
11620,The group got the majority of questions right.,9|9|9|9|9,high,,Non-num,Non-num,up,up,10,6,no,high,,,,,,,,
11620,A few in the group got every question wrong.,3|3|0|0|0,low,,Non-num,Non-num,up,up,3,10,no,low,,,,,,,,
11620,Everyone got all of them wrong.,0|0|0|0|0,low,,Non-num,Non-num,up,up,10,10,no,low,,,,,,,,
11620,Two people got every question wrong.,12|12|9|0|0,low,,num,Non-num,Non-mono,up,4,10,no,low,,,,,,,,
11620,The majority of the people got perfect scores.,12|12|12|0|0,high,,Non-num,Non-num,up,up,6,10,no,high,,,,,,,,
11620,The majority of people passed.,9|9|9|0|0,high,,Non-num,no,up,,6,5,no,high,,,,,,,,
11620,Three people failed the last few questions.,12|12|9|9|9,low,,num,Non-num,Non-mono,up,6,3,no,low,,,,,,,,
11627,full marks were achieved by a number of pupils,12|12|3|0|0,high,,Non-num,Non-num,up,up,10,2,no,high,,,,,,,,
11627,no student achieved above 25%,3|3|3|0|0,low,,Non-num,num,down,up,0,2.5,no,high,,,,,,,,
11627,Green Valley have been working hard to improve maths results across the board with success,3|3|0|0|0,high,,,,,,,,,,,,,,,,,
11627,most pupils reach high levels in their tests,9|9|9|0|0,high,,,,,,,,,,,,,,,,,
11627,Riverside have struggled to achieve the high grades and undoubtedly will continue,12|12|12|12|12,low,,,,,,,,,,,,,,,,,
11627,not one child has achieved full marks,9|9|9|9|9,low,,Non-num,Non-num,down,up,0,10,yes,high,,,,,,,,
11627,there are a number of children who failed to score a single point in their test,12|12|12|0|0,low,,Non-num,Non-num,up,down,2,0,no,low,,,,,,,,
11627,Boys are consistently scoring highly in their tests,9|9|0|0|0,high,,,,,,,,,,,,,,,,,
11627,sadly there are children that are not reaching more than 25%,12|12|12|3|3,low,,Non-num,num,up,up,2,2.5,yes,high,,,,,,,,
11627,There is a consistent performance achieved by all students,3|3|3|3|3,high,,,,,,,,,,,,,,,,,
11627,only 2 pupils scored any points in the test,12|12|0|0|0,low,,num,Non-num,Non-mono,up,4,1,no,high,,,,,,,,
11630,All of the students got at least 3/4ths of the questions right.,9|9|9|9|9,high,,Non-num,Non-num,up,up,10,7.5,no,high,,,,,,,,
11630,40% of the students got at least 75% of the questions right.,9|9|0|0|0,high,,num,num,Non-mono,up,4,7.5,no,high,,,,,,,,
11630,Two-fifths of the students received a perfect score.,12|12|3|0|0,high,,num,Non-num,Non-mono,up,4,10,no,high,,,,,,,,
11630,Exam results were consistent among the entire cohort.,3|3|3|3|3,high,,,,,,,,,,,,,,,,,
11630,None of the students scored above 75%.,9|9|9|3|3,low,,Non-num,num,down,up,0,7.5,no,high,,,,,,,,
11630,Forty percent of the students received perfect scores!,12|12|0|0|0,high,,num,Non-num,Non-mono,up,4,10,no,high,,,,,,,,
11630,Forty percent of the students did not get a single question correct.,12|12|12|0|0,low,,num,Non-num,Non-mono,down,4,0,yes,high,,,,,,,,
11630,"Overall, more questions were answered incorrectly than correctly.",9|9|3|0|0,low,,Non-num,no,up,,6,,no,low,,,,,,,,
11630,Forty percent of the students answered less than a third of the questions correctly.,12|12|12|3|3,low,,num,Non-num,Non-mono,down,4,3,no,high,,,,,,,,
11630,Results from all students at the school are consistent.,0|0|0|0|0,high,,,,,,,,,,,,,,,,,
11630,Results from all students at the school are consistent.,12|12|12|12|12,low,,,,,,,,,,,,,,,,,
11631,The maojority of the students failed the exam.,9|9|0|0|0,low,,Non-num,Non-num,up,down,6,4,no,low,,,,,,,,
11631,None of the students achieved a perfect score.,9|9|9|3|3,low,,Non-num,Non-num,down,up,0,10,no,high,,,,,,,,
11631,Most of the students got less than half of the questions right.,12|12|3|3|3,low,,Non-num,Non-num,up,down,6,4,no,high,,,,,,,,
11631,None of the students achieved full marks.,9|9|9|9|9,low,,Non-num,Non-num,down,up,0,10,no,high,,,,,,,,
11631,The majority of the students failed to get a single question right.,12|12|0|0|0,low,,Non-num,Non-num,up,down,6,0,no,low,,,,,,,,
11631,Several students achieved full marks.,12|12|9|9|9,high,,Non-num,Non-num,up,up,4,10,no,high,,,,,,,,
11631,Most of the students failed the exam.,3|3|3|0|0,low,,Non-num,Non-num,up,down,6,4,no,low,,,,,,,,
11631,None of the students achieved a score higher than 75%.,9|9|9|0|0,low,,Non-num,num,down,up,0,7.5,no,high,,,,,,,,
11631,All of the students displayed their own areas of competency, some were even close to a perfect score.,9|9|3|3|3,high,,,,,,,,,Non-num,no,down,,2,9,no,high
11631,The majority of students achieved a perfect score.,12|12|12|9|9,high,,Non-num,Non-num,up,up,6,10,no,high,,,,,,,,
11631,Not all of the students lived up to expectations.,12|12|12|3|3,low,,,,,,,,,,,,,,,,,
11622,60% of students fail all questions,12|12|0|0|0,low,,num,Non-num,Non-mono,up,6,10,no,low,,,,,,,,
11622,no student scored higher than 75%,9|9|9|9|9,low,,Non-num,num,down,up,0,7.5,no,high,,,,,,,,
11622,3/5 students got atleast 3 questions correct,3|3|3|0|0,high,,num,num,Non-mono,up,6,2.5,no,high,,,,,,,,
11622,every student scored 75% or higher,12|12|9|9|9,high,,Non-num,num,up,up,10,7.5,no,high,,,,,,,,
11622,40% of students failed every question,12|12|12|0|0,low,,num,Non-num,Non-mono,up,4,10,no,low,,,,,,,,
11622,40% of students failed every question,9|9|9|0|0,low,,num,Non-num,Non-mono,up,4,10,no,low,,,,,,,,
11622,2/5 students achieved 75% or above,9|9|3|0|0,high,,num,num,Non-mono,up,4,7.5,no,high,,,,,,,,
11622,all students got 75% or higher,12|12|12|9|9,high,,Non-num,num,up,up,10,7.5,no,high,,,,,,,,
11622,40% of students failed,12|12|3|0|0,low,,num,Non-num,Non-mono,down,4,4,,,,,,,,,,
11622,40% of students got 100%,12|12|3|3|3,high,,num,num,Non-mono,up,4,10,no,high,,,,,,,,
11622,40%$ of students got high grades,12|12|9|3|3,high,,,,,,,,,,,,,,,,,
11623,All students got at least 75% correct,9|9|9|9|9,high,,Non-num,num,up,up,10,7.5,no,high,,,,,,,,
11623,Over half students got less than half correct,12|12|3|0|0,low,,Non-num,Non-num,up,down,6,4,no,high,,,,,,,,
11623,Majority of students got less then 80%,12|12|9|9|9,low,,Non-num,num,up,down,6,7,no,high,,,,,,,,
11623,No-one got anything right,0|0|0|0|0,low,,Non-num,Non-num,down,down,0,0,no,high,,,,,,,,
11623,Not all students got top results,12|12|12|9|9,low,,,,,,,,,,,,,,,,,
11623,40% of students got 100%,12|12|3|3|3,high,,num,num,Non-mono,Non-mono,4,10,no,high,,,,,,,,
11623,Over half students got correct answers,3|3|3|0|0,high,,Non-num,Non-num,up,up,6,2,no,high,,,,,,,,
11623,Everyone got everything correct,12|12|12|12|12,high,,Non-num,Non-num,up,up,10,10,no,high,,,,,,,,
11623,All students achieved the same mark,3|3|3|3|3,high,,,,,,,,,,,,,,,,,
11623,Over half got most questions correct,9|9|9|0|0,high,,Non-num,Non-num,up,up,6,6,no,high,,,,,,,,
11623,More than 50% failed,9|9|0|0|0,low,,num,no,up,,6,4,no,low,,,,,,,,
11668,The majority answered questions correctly.,3|3|3|0|0,high,,Non-num,Non-num,up,up,6,2,no,high,,,,,,,,
11668,40% of students received 0 marks,9|9|9|0|0,low,,num,num,Non-mono,Non-mono,4,0,no,low,,,,,,,,
11668,Most students got some of the questions correct,12|12|9|3|3,high,,Non-num,Non-num,up,up,6,2,no,high,,,,,,,,
11668,60% of the students answered questions correctly,9|9|3|0|0,high,,num,Non-num,Non-mono,up,6,2,no,high,,,,,,,,
11668,60% of students did not pass the exams with only 30% scores,9|9|3|3|3,low,,num,Non-num,Non-mono,down,6,4,no,low,num,no,Non-mono,,3,,no,high
11668,2 in 5 students scored 70% or above pass rate.,9|9|0|0|0,high,,num,num,Non-mono,Non-mono,4,7,no,high,,,,,,,,
11668,Several of the students scored full marks,12|12|9|0|0,high,,Non-num,Non-num,up,up,4,10,no,high,,,,,,,,
11668,40% of students did not answer any questions correctly,12|12|12|0|0,low,,num,Non-num,Non-mono,down,4,0,yes,high,,,,,,,,
11668,No students correctly answered any questions, they all failed the exam,0|0|0|0|0,low,Non-num,Non-num,down,down,0,0,no,low,,,,,,,,
11668,All students scored perfect results- well done!,12|12|12|12|12,high,,Non-num,Non-num,up,up,10,10,no,high,,,,,,,,
11668,Most students answered questions correctly,12|12|3|0|0,high,,Non-num,Non-num,up,up,6,2,no,high,,,,,,,,
11665,"40% of students got zero questions correct, and another 20% got only 25% of questions correct.",12|12|3|0|0,low,,num,Non-num,Non-mono,down,4,0,no,high,num,num,Non-mono,down,2,2.5,no,high
11665,The majority of students got most or all questions right, 40% even got perfect scores.,12|12|9|3|3,high,Non-num,Non-num,Non-mono,up,6,6,no,high,num,Non-num,Non-mono,up,4,10,no,high
11665,All Riverside students got the same score.,12|12|12|12|12,low,,,,,,,,,,,,,,,,,
11665,Not a single Riverside student got a single question correct.,0|0|0|0|0,low,,Non-num,Non-num,down,down,0,0,yes,low,,,,,,,,
11665,The majority of Green Valley students got all or a majority of questions correct, 40% even got a perfect score.,12|12|9|0|0,high,Non-num,Non-num,up,up,6,6,no,high,num,Non-num,Non-mono,up,4,10,no,high
11665,The majority of Green Valley students got a majority of questions correct.,9|9|9|0|0,high,,Non-num,Non-num,up,up,6,6,no,high,,,,,,,,
11665,60% of Green Valley students got a perfect score.,12|12|12|0|0,high,,num,Non-num,Non-mono,up,6,10,no,high,,,,,,,,
11665,"Between all students, there were only 9 correct answer, and no student did better than 25% correct.",3|3|3|0|0,low,,,,,,,,,,Non-num,num,down,down,0,2.5,no,high
11665,"60% of students got a perfect score, and the remaining 40% of students got a majority of questions correct.",12|12|12|9|9,high,,num,Non-num,Non-mono,up,6,10,no,high,num,Non-num,Non-mono,up,4,6,no,high
11665,60% of students got a perfect score.,12|12|12|3|3,high,,num,Non-num,Non-mono,up,6,10,no,high,,,,,,,,
11665,The majority of questions were not answered correctly by a single student.,3|3|3|3|3,low,,Non-num,Non-num,up,down,6,0,yes,high,,,,,,,,
11672,"The overall average is correctly answered questions, with more than half the students obtaining a high mark",9|9|9|3|3,high,,,,,,,,,,,,,,,,,
11672,"Whilst some students did very well, the overall average is low due to some students not answering any questions correctly",12|12|12|0|0,low,,,,,,,,,,,,,,,,,
11672,Several of the students answered a number of questions incorrectly,12|12|9|9|9,low,,Non-num,Non-num,up,up,4,2,no,high,,,,,,,,
11672,"While some students were very successful, others did not achieve a single correct answer, bringing the overall average down",12|12|9|0|0,low,,,,,,,,,,,,,,,,,
11672,No student achieved the highest mark with all students failing on at least three questions,9|9|9|9|9,low,,Non-num,Non-num,down,up,0,10,no,high,Non-num,num,up,up,10,2.5,no,low
11672,"Whilst no one achieved a high score, there was a 100% attendance for the exam",0|0|0|0|0,high,,,,,,,,,,,,,,,,,
11672,"No students achieved a 100% score and some students failed to answer any questions correctly, reducing the overall average significantly",9|9|9|0|0,low,,Non-num,Non-num,down,up,0,10,no,high,Non-num,Non-num,up,down,2,0,no,low
11672,More than 50% of the students achieved 100%,12|12|12|3|3,high,,num,num,up,up,6,10,no,high,,,,,,,,
11672,Less than 50% of students achieved 100% whilst several failed to answer any questions correctly,12|12|0|0|0,low,,num,num,down,up,4,10,no,high,Non-num,Non-num,up,down,4,0,no,low
11672,Students unexpectedly gained high marks on a very easy exam paper,12|12|12|12|12,low,,,,,,,,,,,,,,,,,
11672,"Whilst some students did less well, 40% of students achieved a high mark",9|9|0|0|0,high,,,,,,,,,,,,,,,,,
